Gene,Uniprot_ID,pval,qval,C_gene,C_pos,C_label,Pos_top_vol,Score_obs_sim_top_vol,Mut_in_gene,Clust_mut,Clust_res,Mut_in_top_vol,Mut_in_top_cl_vol,PAE_top_vol,pLDDT_top_vol,pLDDT_top_cl_vol,Ratio_not_in_structure,Ratio_WT_mismatch,Mut_zero_mut_prob,Pos_zero_mut_prob,Cancer,Cohort,F,Transcript_ID,O3D_transcript_ID,Transcript_status,Status
CREBBP,Q92793,0.0,0.0,1,[1437 1484 1409 1435 1482 1475 1436 1483 1433 1438 1481 1434 1411 1476 1473 1500 1494 1447 1450 1474 1487 1446 1413 1472 1432 1440 1471 1543 1431 1544 1445 1430 1493 1491 1452 1499 1449 1540 1470 1498 1633 1443 1545 1485 1502 1546 1497 1679 1538 1477 1547 1488 1506 1480 1492 1503 1632 1442 1441 1542 1408 1539 1398 1428 1684 1630 1677 1668 1537 1507 1454 1424 1549 1664 1425 1416 1479 1550 1551 1671 1399 1534 1687 1427 1635 1391 1426 1625 1421 1419 1219 1665 1683 1389 1415 1359 1519 1375 1372 1422 1420 1374 1688 1621 1675 1666 1373 1240 1214 1213 1522 1691 1469 1227 1237 1360 1342 1168 1509 1170 1169 1162 1167 1225 1456 1175 1164 1222 1173 1226 1174 1673 1376 1521 1229 1628 1178 1636 1663 1682 1179 1458 1525 1637 1400 1371 1908 1524 1589 1533 1462 1590 1351 1910 1588 1518 1638 1206 1592 1465 1158 1906 1341 1643 1587 1385 1346 1622 1623 1531 1378 1344 1591 1513 1639 1405 1457 1133 1156 1339 1296 1527 1349 1338 1517 1380 1348 1278 1160 1340 1157 1125 1616 1347 1294 1276 1217 1355 1529 1108 1350 1233 1252 1404 1615 1223 1325 1333 1364],[ 0.  0.  1.  0.  0.  0.  0.  0.  0.  1.  0.  0.  0.  0.  0.  0.  0.  1.  2.  0.  0.  1.  0.  0.  0.  1.  0.  3.  0.  3.  1.  0.  0.  0.  2.  0.  2.  3.  0.  0.  0.  1.  3.  0.  0.  3.  0.  0.  3.  0.  3.  0.  2.  0.  0.  0.  0.  1.  1.  3.  1.  3.  2.  3.  0.  0.  0.  0.  3.  4.  2.  3.  3.  0.  3.  3.  0.  5.  3.  0.  1.  3.  0.  3.  4.  3.  3.  6.  3.  3.  7.  0.  0.  3.  0.  2.  4.  5.  5.  3.  3.  5.  1.  3.  0.  0.  5.  7.  7.  7.  6.  1.  4.  7.  7.  2.  2.  8.  4.  8.  8.  8.  8.  7.  2.  8.  8.  7.  8.  7.  8.  0.  5.  6.  7.  6.  8.  4.  0.  0.  8.  4.  6.  4.  1.  5.  9.  6. 10.  3.  4. 10. 11.  9. 10.  4.  4.  0. 10.  4. 12.  9.  2.  4. 10.  5. 11.  6.  6.  6.  5.  2. 10.  4.  4.  1.  2. 12. 12.  2.  0.  6. 11.  2.  4.  5. 11.  0. 12.  2. 12.  8. 13. 11.  0.  0.  7.  1.  6.  8. 11.  7.  7.  1. 13.  7.  1.  2.  0.],1437.0,76.83398646856824,1605,994.0,209.0,280.0,688.0,0.99,95.69999694824219,93.69000244140625,0,0,0,,,all_samples,1,ENST00000262367,ENST00000262367,Match,Processed
EP300,Q09472,0.0,0.0,1,[1400 1446 1402 1401 1374 1399 1448 1447 1397 1375 1445 1439 1440 1398 1373 1437 1415 1451 1411 1435 1377 1414 1394 1396 1509 1504 1595 1508 1438 1436 1458 1594 1434 1510 1455 1410 1403 1502 1511 1395 1486 1593 1362 1457 1588 1507 1418 1597 1444 1392 1416 1413 1487 1641 1463 1466 1456 1441 1503 1462 1513 1467 1592 1591 1485 1454 1461 1505 1514 1453 1452 1420 1388 1417 1598 1389 1459 1468 1484 1339 1338 1381 1382 1589 1647 1471 1353 1390 1379 1336 1372 1443 1519 1354 1490 1337 1517 1335 1584 1442 1385 1627 1500 1384 1643 1640 1383 1391 1590 1585 1631 1192 1204 1164 1489 1191 1199 1628 1583 1359 1177 1201 1179 1206 1175 1205 1236 1408 1255 1258 1165 1234 1189 1349 1651 1472 1652 1242 1241 1580 1474 1352 1344 1330 1342 1345 1599 1650 1497 1527 1525 1521 1526 1655 1492 1328 1529 1323 1654 1524 1370 1494 1321 1261 1634 1626 1285 1046 1346 1645 1347 1156 1530 1423 1249 1286 1161 1611 1624 1639 1250 1422 1154 1476 1477 1153 1731 1734 1252 1266 1425 1732 1479 1613 1735 1272 1606 1726 1482 1247 1170 1737 1730 1610 1324 1237 1047 1608 1269 1533 1600 1636 1625 1172 1187 1602 1173 1614 1578 1195 1196 1060 1197 1049 1368 1367 1577 1302 1623 1616 1291 1062 1303 1617 1230 1263 1326 1660 1118 1659 1319 1315 1622 1262],[ 0.  2.  4.  4.  0.  2.  3.  2.  2.  0.  1.  1.  1.  2.  0.  1.  0.  4.  0.  2.  2.  0.  2.  2.  6.  6.  5.  6.  1.  2.  1.  5.  2.  6.  4.  0.  4.  6.  6.  2.  5.  5.  0.  1.  5.  6.  0.  5.  1.  7.  0.  0.  5.  3.  1.  1.  4.  1.  6.  1.  8.  1.  5.  5.  5.  4.  1.  6.  8.  4.  4.  0.  7.  0.  5.  7.  1.  1.  5.  8.  8.  7.  7.  5.  3.  9.  7.  7.  2.  8.  3.  1. 10.  7.  5.  8.  8.  8.  5.  1.  7.  2.  5.  7.  4.  3.  7.  7.  5.  5.  2. 11. 11. 12.  5. 11. 11.  2.  5.  2. 11. 11. 11. 11. 13. 11. 13.  0. 14. 14. 12. 11. 13.  8.  3.  9.  3. 14. 14.  5.  9.  8.  8.  7.  8.  8.  9.  3.  5. 10. 10. 10. 10.  3.  5.  2. 10.  0.  3. 10.  3.  5.  0. 14.  3.  2. 14. 15.  8.  3.  8. 12. 10.  9. 15. 14. 15.  7.  2.  3. 15.  9. 12.  9.  9. 12. 16. 16. 15. 14.  7. 16.  9.  7. 16. 15.  7. 16.  9. 15. 13. 16. 16.  7.  0. 13. 15.  7. 14. 10.  9.  3.  2. 13. 13.  9. 13.  7.  5. 17. 17. 12. 17. 15. 18. 18.  5.  0.  2.  7.  0. 12.  0.  7. 17. 14.  2.  3. 12.  3. 18. 18.  2. 14.],1400.0,74.81040900667679,1904,1203.0,244.0,280.0,409.0,0.91,96.13999938964844,96.6500015258789,0,0,0,,,all_samples,1,ENST00000263253,ENST00000263253,Match,Processed
RBM10,P98175,0.0,0.0,1,[777 778 764 775 761 781 774 784 763 766 780 779 767 762 768 783 776 785 773 772 786 304 305 307 333 372 379 788 787 344 306 303 758 755 320 377 319 302 348 756 347 331 323 363 309 359 380 349 316 343 321 326 301 417 375 330 332 416 322 324 334 370 373 350 311 315 414 360 770 412 419 413 358 342 371 386 310 317 341 387 329 356 335 328 390 369   6 383 374 595 365 300 221 355 238 337 593 591   8 812 594 299 810 808 240 237 605 224 409 590 410 242 233 580 407 598 236 222 608 231 791 589 792 815 794   9],[ 0.  0.  0.  0.  0.  0.  1.  0.  0.  0.  0.  0.  1.  0.  1.  0.  0.  0.  1.  1.  0.  2.  2.  3.  3.  4.  2.  0.  0.  3.  3.  2.  1.  1.  5.  4.  5.  2.  2.  1.  2.  2.  5.  2.  3.  2.  2.  2.  5.  3.  5.  2.  2.  6.  4.  2.  2.  6.  5.  5.  3.  4.  4.  2.  3.  5.  6.  2.  1.  6.  6.  6.  2.  3.  4.  2.  3.  5.  3.  7.  2.  2.  3.  2.  7.  4.  9.  2.  4.  8.  2.  2. 10.  2. 10.  3.  8.  8.  9. 11.  8.  2. 11. 11. 10. 10.  8. 10.  6.  8.  6. 10. 10.  8.  6.  8. 10. 10.  8. 10.  0.  8.  0. 11.  0.  9.],777.0,48.18929202120633,925,600.0,126.0,202.0,230.0,1.32,92.11000061035156,91.5999984741211,0,0,0,,,all_samples,1,ENST00000377604,ENST00000377604,Match,Processed
KMT2D,O14686,0.0,0.0,1,[1408 5061 5049 5059 5047 1392 5214 5151 5051 5046 1391 5338 1405 5048 1384 1387 5473 5337 5474 5508 1395 1385 1404 1386 1380 5212 5062 1379 5507 5334 1396 5211 5041 5045 1403 5472 5182 5180 5411 5043 5181 5040 5183 5410 1378 5509 5050 5293 1382 1406 1383 5479 5230 5227 5339 5039 5295 5228 1409 5229 5402 5342 5185 5510 5340 5403 5480 5482 5404 5210 1377 5498 5232 5114 1402 5499 5408 5260 1407 5057 5471 5179 5481 5497 5341  642 5113 5216 1397 1398 5412 5095 1399 5476 5495 1388 1423 1451 5478 5100 5296 5462 5407 1433 5470 5117 1390 5092 5484 5241 5035 1431 1411 5112 1448 3049 1422 5428 5426 5427 1456 5209 5063 1424 5206 1400 1401 3050 5467 5102 1430 1453 3051 1427 5243 5207 5468 1436 5506 5500 5469 1435 5464 5189 5452 5217 1421 5152 5154 5097 3052 5502 4318 5101 5066 5226 1389 5425 5512 5036 5153 5155 5074 5291 1428 5225 5477 5431 5292 5264 1449 5190 5289 3048 5290 5430 5037 1438 1415 5454 3047 5332 1473 5030 5204 5187 5224 1365 5501 1446 5156 1426  644 5218  645 5436 1445 5297 3046 5459 1455 1471 5432 3054 1474 5423 4791 1441 5123 1434 1412 4794 1460 4789 5223 5258 5135 5220 5513 5111 5505 5044 5305 1338 1419 5234 3044 1337 5240 5028 5439 5056 4793 5222 5235 5465 5239 2034 5267 1469 5121 5247 5136 2033 2037 5090 5246 5456 5457 5122 3055 2036 5104 5109 5133 5052 4315 2040 1464 1375 5537 5244 5299 5134 5262   59 1374 5300   57 1376 3579 5301 5536  166   61 1622 5424 4795 5137 5254 5055 1621 4987 2041 3578 3042 3043 4692 3525 1336 5494 4694 4695 1956 5485 3580 2182 5517 3542 1459 2042 4324 4556 5529 4798 1458 2529 5443 5257 1933  192  169 4691 3556 4825 3582 4739 3581 2531 4799 4988 4554 4553  170 2574  167 5108   81   68 4012 1034 5068  433 5522 1369 3654 2530  194 4837 4740 4836  179 2604 4738 1534 3541 4013 3553 3679 3548 3057 5493 5070  140 5238  544 3555 4557 1371 4989 3097  545  173 3098 2603 2180 2605 3550  432  139 1370 3540 1510 1032 5442 4089 1361   48 3411 5448  191 2499 3552 2606 2184 2576 5492 4011 5124  180  543 4824 5080 3544 1035 4558 3680   47 5349   83 1334   50 5248 3531 4088   49   84 3554 1366 4560 4014   74 3414 3653 2602 5274 5487 4786 5053 5438  434 1619 2498 5318 4010  119   75 3529 4087  177  181 3547 1509 3538 5200 3099 3655 4822 3409 2572 3536   66 1935   79 1030 4826  647 4736 3539 5071 5351   70 3413 3416 1624 2497 3652 1507 5525 3528 3966   64 4986 4547   69 1932 3564 1623 4827 5533 1533  137 3532 4313 3677   78 3656 3095   80 2573 5129 5158   72 3407 1477 4016 3039 1931  155 5078  154 5321 1535 3558 5249 5202  435 2500 2501  138 1531 5322 4316 1339 1536 5417  195 3040 3560 5089   73 5446 5303 4969 5391 2601 1677 5532 2527  198 1553 5311  214 5176  163 5286 4550 3565 4697 2010  189 5524 5174 4956 2533   65 5277 5528 5275  148 4874 5266 5160 5323 4876  146 5317 2043 5164  212  185 1800 5081 1340  161  196  450 1359 5330 5394 5387 4735  175 5285  123  188 1358 5237 4689 5171  144 1521 1465 5140 5327 2020 5168  126 4804],[ 1.  0.  0.  0.  0.  1.  3.  0.  0.  0.  1.  2.  1.  0.  1.  1.  2.  2.  2.  2.  1.  1.  1.  1.  1.  3.  0.  1.  2.  2.  4.  3.  0.  0.  1.  2.  3.  3.  2.  0.  3.  0.  3.  2.  1.  2.  0.  5.  1.  1.  1.  2.  3.  3.  2.  0.  5.  3.  1.  3.  2.  2.  3.  2.  2.  2.  2.  2.  2.  6.  1.  2.  6.  7.  4.  2.  2.  5.  1.  0.  8.  3.  2.  2.  2.  9.  7.  3.  4.  4.  2.  7.  4.  2.  8.  1.  4.  9.  2.  7.  5. 10.  2.  9.  8.  7.  1.  7.  8.  6.  7.  9.  1.  7. 12. 11.  4.  8.  8.  8.  9.  6.  0.  4.  6.  4.  4. 11.  8.  7.  9.  9. 11.  4.  3.  6.  8.  9.  2.  2.  8.  9.  8.  2. 10. 13.  4. 14. 14.  7. 11.  2.  2.  7.  7.  3.  1.  8.  2.  0. 14. 14. 14.  5.  9. 13.  2. 10.  5.  5. 12.  2.  5. 11.  5. 10.  0.  9. 12. 10. 11.  2. 12.  0.  5.  2. 13.  1.  2. 12. 15.  4.  9. 13.  9. 10. 12.  5. 11. 10. 16. 12. 10. 17. 12.  8. 18.  9. 19.  9.  1. 18. 16. 20. 13.  6. 19. 13.  2.  7.  2.  0.  5.  1.  4.  6. 21.  1.  6.  0. 10.  0. 18. 13.  6.  8.  6. 22.  3. 12. 19.  3. 19. 22. 22.  7.  3. 10. 10. 19. 17. 22. 19. 19. 19.  0.  6. 22. 16.  1.  2.  3.  5. 19.  5. 23.  1.  5. 23.  1. 24.  5.  2. 25. 23. 26.  8. 18. 19.  3.  0. 26. 20. 22. 24. 21. 21. 27. 24.  1.  8. 27. 27. 28.  8. 24. 29.  2. 30. 16. 22.  2. 31.  2. 18. 16. 32. 10.  6. 33. 25. 25. 34. 35. 36. 24. 37. 24. 32. 18. 20. 31. 31. 25. 38. 25. 19. 25. 25. 39. 40. 15. 41.  2.  1. 42. 32. 25. 37. 37. 37. 25. 43. 37. 44. 30. 45. 35. 46. 35. 17.  8. 15. 25.  6. 47. 35. 31.  1. 20. 48. 47. 25. 48. 46. 29. 43. 35. 41. 25.  1. 30. 44. 49. 10. 50.  1. 51. 52. 10. 53. 54. 35. 43. 29. 38.  8. 39. 19. 25. 47. 36. 15. 30. 40. 31. 43. 51.  2. 25.  1. 51.  3. 24. 50. 51. 25. 35.  1. 31. 45. 25. 52. 42. 46. 13.  8. 20.  0. 10. 41. 26. 54. 55. 39. 25. 25. 24. 50. 25. 25. 35. 44. 30. 55. 48. 42. 36. 52. 38. 30. 25. 33. 25. 49. 36.  9. 37. 30. 15.  2. 25. 52. 52. 26. 54. 42. 44.  2. 24. 50. 25. 20. 31. 25. 33. 30. 26. 36.  2. 44. 25. 24.  6. 46. 25. 42. 48. 25. 38.  7. 15. 25. 52. 12. 45. 21. 33. 25. 15. 25.  5. 44. 30.  3. 55. 41. 54. 54. 25. 44.  5.  6.  1. 44.  2. 25. 21. 30.  7. 25. 10.  5. 36.  8. 46. 46.  2. 32. 25. 44.  5. 53.  2. 25.  5. 31. 30. 27. 56. 53.  2.  2. 34. 32. 25. 13.  2. 13. 25. 13.  5.  5.  5. 13. 25. 55. 22.  5. 53. 53. 46. 15.  1. 25. 25. 16.  1.  2.  8.  8. 37. 25.  5. 25. 53.  1.  6. 34.  2. 25. 44. 16. 19.  5. 56.  2. 25. 18.],1408.0,29.385746224333282,4039,2109.0,579.0,115.0,247.0,,76.2699966430664,75.80000305175781,0,0,0,,,all_samples,22M,ENST00000301067,ENST00000301067,Match,Processed
TP53,P04637,0.0,0.0,1,[273 274 249 248 242 251 241 246 245 175 176 243 250 247 240 239 194 238 135 174 275 216 281 160 282 244 272 195 178 159 276 136 278 132 180 133 236 192 271 252 173 215 179 177 161 158 255 257 237 217 193 126 205 280 279 214 157 191 218 253 254 277 220 130 156 284 269 125 120 234 181 172 285 283 129 163 256 141 267 131 270 203 113 164 139 219 197 152 143 259 207 162 189 286 213 117 116 190 144 145 233 290 289 208 111 268 199 112 221 110 103  98 105 266 187 223 151 149 264 169 171  99 186 260 184 292 146 211  92],[1. 1. 0. 0. 0. 2. 0. 0. 0. 0. 0. 0. 2. 0. 0. 0. 0. 0. 1. 0. 1. 2. 1. 2. 1. 0. 2. 2. 0. 2. 1. 1. 1. 1. 0. 1. 1. 0. 2. 2. 2. 2. 0. 0. 2. 3. 3. 3. 0. 3. 2. 1. 2. 1. 1. 2. 3. 0. 3. 2. 2. 1. 3. 1. 3. 1. 2. 1. 1. 2. 0. 2. 1. 1. 1. 2. 3. 1. 3. 2. 2. 3. 3. 2. 1. 3. 2. 3. 3. 3. 2. 2. 2. 1. 2. 1. 1. 2. 3. 3. 2. 1. 1. 2. 3. 3. 2. 3. 3. 3. 3. 2. 3. 3. 4. 3. 3. 3. 3. 2. 2. 2. 4. 3. 4. 1. 3. 2. 5.],273.0,19.697207187298538,559,475.0,129.0,120.0,244.0,0.84,97.66999816894531,96.6500015258789,0,0,0,,,all_samples,1,ENST00000269305,ENST00000269305,Match,Processed
KDM6A,O15550,0.0,0.0,1,[1241 1235 1106 1105 1155 1111 1157 1103 1334 1109 1216 1114 1219 1242 1158 1221 1212 1107 1156 1110  984 1153 1160 1218 1214 1104 1215 1136 1161 1239 1331 1163 1360 1358 1234 1248 1162 1237 1154 1361 1238 1102  970 1233  982 1357  960  985  968  961 1252 1223  979  966 1145 1117  969 1134 1118 1169  977 1230 1195 1099 1098 1130 1150 1247 1225 1227 1132 1245 1337 1194 1101 1226  971  973 1138 1166 1193  135  952 1177 1023 1147 1143 1100 1021 1142 1121 1249 1141 1181 1119 1191  989 1168  986 1229 1165 1268 1266 1096 1200 1338  940 1025 1246  972  943 1205 1188 1365 1087 1256 1272 1167 1083   54  105  104 1273 1196 1199  112 1207  101  103  660  987 1274  100 1085 1186 1206   55  661  116 1173  659 1185 1174 1069 1267   98 1209 1189 1131 1255 1344 1005 1082 1387  137 1123  172 1003 1384 1004 1210 1298  168 1296 1039 1383 1279  109 1295 1124 1036 1297  663  774  134 1328 1300 1293 1301 1281 1094  189 1386  658 1285 1126  173  174  170  893 1190  776 1028 1040 1089  176  775   73 1286 1388  148  772  202  196 1348  665 1347 1354 1078 1303   80 1375   59   49   60 1379],[ 0.  2.  0.  1.  0.  0.  0.  1.  3.  0.  0.  0.  0.  0.  0.  0.  0.  0.  0.  0.  2.  0.  2.  0.  0.  1.  0.  2.  2.  0.  3.  2.  3.  3.  2.  4.  2.  0.  0.  3.  0.  1.  0.  2.  2.  3.  0.  2.  0.  0.  4.  4.  0.  0.  5.  0.  0.  0.  0.  6.  0.  2.  5.  1.  1.  0.  4.  4.  6.  5.  0.  4.  3.  5.  1.  5.  0.  0.  2.  7.  5.  8.  0.  6.  5.  5.  5.  1.  5.  9.  0.  4.  9.  5.  0.  5.  2.  7.  2.  2.  7. 10.  4.  1.  6.  3.  7.  9.  4.  0.  0.  6.  5.  3.  0.  4. 10.  7.  9.  8.  8.  8. 10.  5.  5.  8.  7.  8.  8. 11.  2. 12.  8.  2.  5.  6.  8. 11.  8.  6. 11.  5.  6. 13. 10.  8.  7.  5.  0.  4.  3.  9.  9. 12.  8. 10. 14.  9. 12.  9.  7. 12. 14. 12.  2. 12. 12.  8. 12. 10.  2. 12. 15. 16.  8. 10. 12. 12. 12.  0.  1. 14. 12. 11.  4. 10. 14. 14. 14. 12.  5. 16.  9.  2.  0. 14. 16.  8.  4. 12.  8. 16. 14. 14.  3. 15.  3.  3.  9. 12.  8.  3. 17.  8. 17. 12.],1241.0,17.2246257420898,948,708.0,216.0,87.0,352.0,0.99,97.98999786376953,97.6500015258789,0,0,0,,,all_samples,1,ENST00000377967,ENST00000377967,Match,Processed
FOXQ1,Q9C009,0.0,0.0,1,[124 171 167 168 128 127 169 166 170 125 172 164 120 173 174 123 148 163 122 130 142 177 165 145 175 126 119 179 144 121 131 149 194 182 178 140 141 162 132 135 187 156 146 155 176 139 188 153 186 161 118 190 210 185 150 184 189 134 191 193 154 192 157 133 160 276 116 272 138 271 113 269 270 147 273 115 114 274 275 159 111 277 375 209 267 196 110 280 201],[0. 0. 0. 0. 1. 1. 0. 0. 0. 0. 0. 0. 2. 0. 0. 3. 1. 0. 3. 1. 1. 0. 0. 1. 0. 3. 2. 0. 1. 3. 1. 1. 1. 4. 0. 1. 1. 0. 1. 1. 4. 2. 1. 2. 0. 1. 4. 2. 4. 0. 2. 4. 3. 4. 1. 4. 4. 1. 4. 1. 2. 4. 2. 1. 2. 5. 2. 5. 1. 5. 6. 5. 5. 1. 5. 2. 6. 5. 5. 2. 6. 5. 7. 3. 5. 1. 6. 5. 0.],124.0,16.89583066026887,466,361.0,89.0,116.0,230.0,0.97,95.33000183105469,94.76000213623047,0,0,0,,,all_samples,1,ENST00000296839,ENST00000296839,Match,Processed
PIK3CA,P42336,0.0,0.0,1,[1043 1047 1044 1045 1048 1049 1050 1040 1038 1052],[0. 0. 0. 0. 0. 0. 0. 0. 0. 0.],1043.0,16.096168674568556,94,68.0,10.0,62.0,68.0,1.71,86.19999694824219,85.61000061035156,0,0,0,,,all_samples,1,ENST00000263967,ENST00000263967,Match,Processed
CDKN1A,P38936,0.0,0.0,1,[61 59 49 64 65 62 58 50 60 47 51 48 57 45 52 46 53 43 56 42 44 67 36 39 38 37 70],[0. 0. 0. 0. 0. 0. 0. 0. 0. 0. 0. 0. 0. 0. 0. 0. 0. 0. 0. 0. 0. 0. 0. 0. 0. 0. 1.],61.0,14.26754352707894,220,117.0,27.0,72.0,115.0,2.43,94.69000244140625,94.5,0,0,0,,,all_samples,1,ENST00000244741,ENST00000244741,Match,Processed
NOTCH2,Q04721,0.0,0.0,1,[ 359  355  340  360  341  357  342  356  354  361  339  362  353  472  428  473  460  343  448  347  429  459  338  431  471  475  470  480  452  444  456  433  454  476  461  453  458  432  427  345  442  426  446  329  447  315  324  364 1456 2017  464  556  469  518  370  481 1459  309 1457  463 1986 1234 1983 1953 1243 1987 1248 1227  435  465  326  449 1250 1262 1228  547  322  537 1261  595  317  529 1919 1135 1123  526  450 1235 1984 1263  313  580  482 1217 1126  483  593 1455 1256  578 1950 1213  330  335  300 1439 1985  351 1246 1229 1462  536 1230 1269 1253  438  437  579 1245 1124  548  533 1244  319 1120 1651 1222  541 1264 1988 1211 1241  434 1214  502  549  323 1259  503 1441  468 1915  604  532  368  369 1450 1137 1440  535 1218 1237  436 1463 1219  439  491  554  582 1267 1225 1122  584  577 1461 1665 2020 1453  310 1982 1196  540  318  983 1655 1239  564  546 1119  321 1519 1266 1438  600 1270  328 1989 1146 1255 1913 1951 1454 1216  629 1442  975  631  366  367 1268  630  304  985  623 1494 1886 1882 1979 1283  298 1272 1451  566  517 1281  509 1290 1647 1974 2007 1917 1493  349  534 2011  297  576  543  307  516 1200 1251 1489 1465 1916 1257  632 1310 1258 2019  558 1885 1649 1666 2021  591  996 1945  487  995 1495 1516  567 1271  980  581  973  299 1127  599  507  616 2023 1312 1991  984 1118  350 2006 1286 1954 2185 1398 1199  639 1981  498  958 1435 1976  306 1941 1512 1878 1231 1311  488  622  484 1947  986  654  627  668  993 1466 1476 1490 1990 1480 2012 1530 1518  615 1473 2187 1202 1880 1000 1496 1872 1309 1477 1105  653 1293 1522 1292  628 1492 2050  624 1013  573  486 1837 1946 1485  609 1436 1116 1394 1393 1397 1298  602 1299 1278 1888 1002 2188  964 1531 1021  659 1011  625 1448 1922  290 1484 1508 1130  671 1396 1533 1942 1297 1994 1133 1646 1481  305 2057 1515  521  586 1377  991 1513  669 1383 1203  292 1491 1400 1521  979 1446 1313 2053  598 1301 1204 1509  569 2058  675 1389 1447  649 1410 1956  539 1623 1307 1409 1906 1378 1140 1534 2061 2040 1937 2183  642  965 1467 1622  620 1427 1113  570  572  496 2002 1874  633 1875 2004 1833 1498 1194 1890 1871 1969  610 1528 1430 1907 1468  346 1929 1148 1022 1023 1903 2010 1510  998  988 1306 2027 2041 1548  514 1995 1997  513 1331 1524 1893 2035  955 1574  288 2034 2046 1662 1905 1909 1657 1658 1959  680 1150],[ 0.  0.  0.  0.  0.  0.  0.  0.  0.  0.  0.  0.  0.  1.  2.  1.  1.  0.  2.  0.  2.  1.  0.  2.  1.  2.  3.  3.  2.  2.  2.  2.  2.  2.  1.  2.  1.  2.  2.  0.  2.  2.  2.  0.  2.  5.  4.  6.  7.  8.  1.  9.  3. 10.  6.  3.  7.  4.  7.  1.  8. 13.  8.  8. 11.  8. 11. 11. 12.  3.  4.  2. 13. 13. 11.  9.  5.  9. 13. 14.  5. 10. 15. 16. 16. 10.  2. 13.  8. 13.  4. 14.  3. 17. 16.  3. 14.  7. 13. 14.  8. 17.  0.  4.  5.  7.  8.  6. 17. 11. 18.  9. 11. 19. 13. 12. 12. 14. 17. 16.  9.  9. 11.  5. 16.  7. 17.  9. 13.  8. 17. 13.  2. 17. 10.  9.  5. 13. 10.  7.  3. 15. 14.  9.  6.  6.  7. 16.  7.  9. 17. 13. 12. 18. 17. 12.  3.  9. 14. 19. 17. 16. 14. 14.  7.  7.  8.  7.  4.  8. 17.  9.  5. 20.  7. 13. 21.  9. 16.  5. 22. 19.  7. 14. 19.  0.  8. 16. 13. 15.  8.  7. 17. 23.  7. 20. 24.  6.  6. 19. 23.  5. 20. 23. 18. 15. 15.  8. 19.  5. 19.  7. 21. 10. 19. 10. 19.  7.  8.  8. 15. 18.  6.  9.  8.  5. 14. 21.  4. 10. 17. 13. 18. 18. 15. 13. 24. 25. 13.  8. 21. 15. 18.  7.  8. 14. 26.  8.  3. 26. 18. 22. 21. 19. 20. 14. 20.  5. 16. 14. 10. 24.  8. 25.  8. 20. 16.  6.  8. 13.  8. 28. 27. 17. 24.  8. 10. 20.  7.  8.  4. 15. 22. 15. 11. 25.  3. 24.  3. 15. 20. 29. 23. 29. 26. 18. 18. 18.  8. 18.  8. 22. 22. 24. 18. 28. 17. 15. 26. 18. 15. 25. 18. 16. 29. 19. 22. 19. 23. 18.  8. 23. 26. 14.  3. 15.  8. 18. 23.  7. 16. 27. 27. 27. 19. 14. 19. 19. 15. 26. 28. 20. 22. 26. 29. 26. 23.  7. 15.  5. 18. 22. 16. 29. 27. 22. 15. 19.  8. 16.  7. 18.  4.  8. 22. 10. 14. 27. 26. 22. 29. 27. 17.  5. 18. 27. 22. 20.  7. 25.  8. 14. 19. 17. 22. 21.  8. 29. 27.  7. 29. 27.  8.  9.  7. 25. 27. 15. 27. 30. 22.  8.  8. 15. 28. 24. 20. 18.  7. 24.  7. 16. 21. 14.  3.  8. 15. 24. 15.  8. 15. 18. 17. 15. 15.  8. 23. 22.  7. 15. 18.  0. 15. 30. 26. 26. 15.  8. 22. 26. 20. 25.  8.  8.  7.  3.  8.  8.  3. 25. 22. 15.  8. 20. 22.  5.  8.  8.  7. 15. 15. 31. 31. 15. 29. 30.],359.0,8.801812853318564,1475,1070.0,466.0,67.0,106.0,3.21,69.7699966430664,70.11000061035156,0,0,0,,,all_samples,1,ENST00000256646,ENST00000256646,Match,Processed
ARID1A,O14497,0.0,0.0,1,[2118 1981 2088 2064 2087 2015 2010 2085 2011 2007 2084 2089 2090 2014 1724 2012 2061 2091 2063 2001 1716 1719 2013 1722 1852 2065 1998 1721 2067 2002 1055 2057 2060 1992 2008 1090 1985 1988 1096 2019 2066 1849 1100 2068 1982 2136 2122 1104 2135 1052 1991 1993 2131 1101 1051 1095 1086 2174 1094 1997 1092 2126 1091 1099 2056 2073 1983 2000 1979 1015 2125 1987 2176 2173 1053 1064 1978 1073 1020 2175 1996 2120 1089 2093 2171 2238 2133 2172 1027 2240 2114 2129 2116 2237 1977 1102 2053 1074 1103 2113 1984 2134 2094 2072 1976 2177 1011 2003 1023 2181 2127 1077 2182 2143 1085 2236 2147 2112 2178 1076 2234 1050 1727 2185  605 1856  986 2233 2074 2004  646  985 1106 1017 2224 1858 2167 1556 1313 2239 1859 1059 1314  607  382  984 2139 1554 1524 2260 1013  860  383 1588  517 1523  861 1302  859 1767  616 1348 1525 1350  519 2102 1079 1304 2180 2111  644 1587  515 1301 1590 2140 1061 1025 1303 1522 1682  516 1974  381 1315  858  603  617 2109 2274 1860 1311 1083 1043 2145 1063 1766  648 1067 2241 1066 1108 2106 2261 2162 1109  647 2256 1526 1300 2183 2242 1769 2258 1765 2205 2232  618 1062 1855  615 1112  863  384 2018 2054 2199 2225 1854 2255 1113  386 1680 2195  609 2165 2263 2257 1070 1114 1033 1840 2222 2096 2152 1032 1679 2161 2046 1069 2226 2191 2153 2151 2196 2155 2047 2221 1845 2150 2048 2075 1029 1729 1036 1042 1707 1551 1844 1691 2264 2077 1847 2188 2164 1676 1710 1850 1702 2202 2189 1696 1711 2194 1848 1673 2282],[ 1.  3.  1.  3.  0.  0.  0.  2.  0.  3.  0.  1.  1.  0.  4.  0.  0.  1.  3.  3.  3.  5.  0.  5.  5.  3.  3.  3.  3.  3.  6.  0.  0.  3.  0.  7.  3.  3.  6.  0.  3.  8.  6.  3.  3.  2.  2.  6.  2.  6.  3.  3.  2.  6.  6.  6.  7.  9.  6.  3.  7.  2.  7.  6.  0.  2.  3.  3.  4.  6.  2.  3.  9.  9.  6.  7.  4.  7.  6.  9.  3.  3.  7.  1.  9.  9.  2.  9.  6.  9. 10.  2. 10.  9.  4.  6.  0.  7.  6. 10.  3.  2.  1.  2.  4.  9.  6.  3.  6.  9.  2.  7.  9.  1.  7.  9. 11. 10.  9.  7.  9.  6.  4.  9. 12.  5. 13.  9.  2.  3. 14. 13. 15.  6. 17.  4. 11. 16. 18.  9.  4.  7. 18. 19. 20. 13.  2. 16. 21. 22.  6. 23. 20. 25. 24. 21. 23. 26. 23. 28. 27. 29. 21. 29. 24. 10.  7. 26.  9. 10. 14. 25. 24. 26. 25.  2.  7.  6. 26. 21.  5. 24.  4. 20. 18. 23. 12. 27. 10.  9.  4. 18.  7.  6. 11.  7. 28. 14.  7.  9.  7. 15. 10. 22. 11. 15. 14. 22. 21. 26.  9.  9. 28. 22. 28. 17.  9. 27.  7.  5. 27. 15. 23. 20.  0.  0. 11. 17.  5. 22. 15. 20.  5. 11. 19. 11. 22. 22.  7. 15.  6.  8. 17.  1. 11.  6.  5. 11.  4.  7. 17. 11. 11. 11. 11. 11.  4. 17.  8. 11.  4.  2.  6.  4.  6.  6.  3. 16.  8.  3. 22.  2.  8. 11. 11.  5. 30.  8.  3. 17. 11.  3. 30. 11.  8. 30.  9.],2118.0,7.6214871842302205,1223,604.0,287.0,60.0,91.0,1.03,97.4800033569336,96.41999816894531,0,0,0,,,all_samples,1,ENST00000324856,ENST00000324856,Match,Processed
STAG2,Q8N3U4,0.0,0.0,1,[217 208 216 214 220 213 218 212 204 209 159 210 221 295 153 296 152 126 127 467 770 472 154 786 292 774 471 772 768 301 148 149 222 223 474 337 299 129 128 775 298 161 156 776 470 146 338 374 308 334 305 155 294 476 331 131 371 373 150 741 119 436 333 160 478 479 297 307 372 375 527 329 381 370 846 461 118 378 742 162 390 464 144 376 746 432 414 845 203 843 782 743 383 134 289 224 844 391 226 115 332 739 737 327 735 731 736 290 521 199 848 385 422 538 439 426 482 458 587 779 522 456 498 849  85 762  84 140 229 171 316 825],[ 0.  0.  0.  0.  0.  0.  0.  0.  0.  0.  0.  0.  0.  2.  1.  2.  1.  1.  1.  3.  4.  3.  1.  4.  0.  4.  3.  4.  5.  2.  1.  1.  0.  0.  6.  2.  2.  1.  1.  4.  2.  0.  1.  4.  3.  1.  2.  7.  2.  2.  2.  1.  2.  6.  2.  1.  7.  7.  1.  5.  1.  3.  2.  0.  6.  6.  2.  2.  7.  8.  6.  2.  8.  7. 10.  9.  0.  8.  5.  0.  8.  9.  1.  8.  5.  3.  3. 10.  0. 10.  4.  5.  8.  1.  2.  0. 10.  8.  0.  0.  2.  5.  5.  2.  5.  4.  5.  2.  9.  0. 10.  8.  6.  6.  3.  6.  6.  9.  9.  4.  9.  9.  9. 10. 11.  5. 11.  0.  0.  0.  2.  4.],217.0,5.79257948017423,596,308.0,132.0,56.0,118.0,0.95,97.41000366210938,96.0,0,0,0,,,all_samples,1,ENST00000455404,ENST00000455404,Match,Processed
FGFR3,P22607,0.0,0.0,1,[379 378 383 380 373],[0. 0. 0. 0. 0.],379.0,3.200849352367668,121,24.0,5.0,20.0,24.0,1.1,82.94999694824219,79.13999938964844,0,0,0,,,all_samples,1,ENST00000440486,ENST00000440486,Match,Processed
KMT2C,Q8NEZ4,0.0,0.0,1,[4472 4484 4431  252 4482 4432 4471  147 4593  139 4465  140 4418 4590  134 4421  136 4350 4592 4594 4433 4457  231 4591  137  138  135 4588  250 4436 4464 4400 4582 4549 4460 4470 4488 4429 4430 4485 4587 4428 4420 4462 4461 4419 4467 4469 4556 4410 4479 4417 4600 4475 4486 4584 4595 4474 4552 4553 4526 4551 4586 4503 4576 4283 4405 4406 4476 4502 4434 1802 4550 4524 4480 4280 4506 4596 1804 2365 1803 4525 4346  141  226 4580  227 4489 1805 4602 4493 4398  281 4415  229 4611  152 4625 4521 4558 4504  278  146  248 4399 2366 4546  276 4443  153 4500 4557  254 4445 4615 4523 2367 4446 2368 4604 2363 4456 4391 4568 4612 4571 4565 4608 4569  434 4545 4519 1800 4278 4517 4353 4529],[ 0.  0.  1.  2.  0.  1.  0.  2.  3.  2.  0.  2.  1.  3.  2.  1.  2.  1.  3.  3.  1.  0.  2.  3.  2.  2.  2.  3.  2.  0.  0.  1.  4.  4.  0.  0.  0.  1.  1.  1.  3.  1.  1.  0.  0.  1.  0.  0.  5.  1.  6.  1.  4.  6.  1.  4.  3.  6.  4.  4.  7.  4.  4.  6.  8.  4.  0.  0.  6.  6.  1.  9.  4.  7.  6.  4.  6.  4.  9. 10.  9.  7.  1.  2. 11.  5. 11.  1.  9.  8.  6.  1. 12.  1. 11.  8.  2.  4.  1.  5.  6. 12.  2.  2.  1. 10.  5. 12.  7.  2.  6.  5.  2.  7.  4.  7. 10.  7. 10.  8. 10.  0.  3.  8.  4.  8.  8.  8.  8. 11.  5.  1.  9.  4.  1.  1.  7.],4472.0,2.625024321597548,560,242.0,137.0,35.0,61.0,,97.08999633789062,95.80999755859375,0,0,0,,,all_samples,19M,ENST00000262189,ENST00000262189,Match,Processed
RB1,P06400,0.0005,0.0005333333333333334,1,[652 655 659 654 596 592 783],[0. 0. 0. 0. 0. 1. 0.],652.0,2.052892784538218,229,24.0,7.0,18.0,23.0,2.72,85.02999877929688,85.87000274658203,0,0,0,,,all_samples,1,ENST00000267163,ENST00000267163,Match,Processed
TERT,O14746,,,0,,,,,2,,,,,,,,0,0,0,,,all_samples,1,ENST00000310581,ENST00000310581,Match,No_density
